1,"Jace's Phantasm","m13"
1,"Incursion Specialist","gtc"
1,"Welkin Tern","m13"
3,"Gutter Skulk","gtc"
2,"Wight of Precinct Six","gtc"
1,"Duskmantle Guildmage","gtc"
1,"Sage's Row Denizen","gtc"
1,"Mortus Strider","gtc"
2,"Deathcult Rogue","gtc"
1,"Vedalken Entrancer","m13"
2,"Balustrade Spy","gtc"
1,"Mindeye Drake","gtc"
1,"Consuming Aberration","gtc"
2,"Dinrova Horror","gtc"
1,"Paranoid Delusions","gtc"
1,"Last Thoughts","gtc"
1,"Midnight Recovery","gtc"
1,"Whispering Madness","gtc"
1,"Rise from the Grave","m13"
1,"Shadow Slice","gtc"
1,"Coerced Confession","gtc"
2,"Grisly Spectacle","gtc"
1,"Totally Lost","gtc"
2,"Dimir Keyrune","gtc"
2,"Death's Approach","gtc"
1,"Dimir Guildgate","gtc"
12,"Island","rtr"
13,"Swamp","rtr"
